A	GCA	1
A	GCC	0.587249544626594
A	GCG	0.380692167577413
A	GCT	0.9775956284153
C	TGC	1
C	TGT	1.49268033005057
D	GAC	1
D	GAT	2.08502182044888
E	GAA	1
E	GAG	0.449024148197155
F	TTC	1
F	TTT	1.70823181343543
G	GGA	1
G	GGC	0.758209681342739
G	GGG	0.513986864509852
G	GGT	1.38092921430309
H	CAC	1
H	CAT	1.99022801302932
I	ATA	1
I	ATC	0.704323109465891
I	ATT	1.37215758857747
K	AAA	1
K	AAG	0.602254020514119
L	CTA	1
L	CTC	0.445284190910032
L	CTG	0.814577078372502
L	CTT	0.97256444766539
L	TTA	1.98612692825344
L	TTG	1.74459053732270
M	ATG	1
N	AAC	1
N	AAT	1.69377131574224
P	CCA	1
P	CCC	0.437014707225724
P	CCG	0.365122864711793
P	CCT	0.814378368502786
Q	CAA	1
Q	CAG	0.502096554850408
R	AGA	1
R	AGG	0.536688722028102
R	CGA	0.210988030629693
R	CGC	0.139915247936956
R	CGG	0.114638316853766
R	CGT	0.261318861051223
S	TCA	1
S	TCC	0.626010237068966
S	TCG	0.44207974137931
S	TCT	1.07825969827586
T	ACA	1
T	ACC	0.574590163934426
T	ACG	0.451862891207154
T	ACT	0.992921013412817
V	GTA	1
V	GTC	0.718728403593642
V	GTG	0.81732319741995
V	GTT	1.51209398756047
W	TGG	1
Y	TAC	1
Y	TAT	1.50424836601307
Z	AGC	1
Z	AGT	1.44759059618132
