Codon,LambdaPrime
GCA,1.02869439395567
GCC,0.881843962932556
GCG,0.877675684615755
GCT,0.901038943409459
TGC,0.93528463797507
TGT,0.967644522686378
GAC,0.899406993305284
GAT,0.814733562072528
GAA,0.850326396583492
GAG,1.02139939976731
TTC,0.819320743856846
TTT,0.0520100962659028
GGA,0.805640525119099
GGC,0.743098782058828
GGG,0.970394291941409
GGT,0.64386418954337
CAC,0.788288188414793
CAT,0.843447015525581
ATA,1.01536311187802
ATC,0.880547129995928
ATT,0.797323527189165
AAA,0.812438290493331
AAG,0.826922417109879
CTA,0.945311899817298
CTC,1.00631227794585
CTG,0.9295651887601
CTT,0.921560386820098
TTA,0.867117383941355
TTG,0.835470355103629
ATG,0.934068700538046
AAC,0.836263617057274
AAT,0.893996364691416
CCA,0.769370587134858
CCC,0.917332577865333
CCG,0.865651115985007
CCT,0.841687419517827
CAA,0.75095392547585
CAG,0.94795246015036
AGA,0.733987279429711
AGG,0.978917693737775
CGA,0.803435623707588
CGC,0.778175480222458
CGG,0.740970060674124
CGT,0.782803082427321
TCA,0.8607488028583
TCC,0.785633420162717
TCG,0.822551233204055
TCT,0.73849773251653
ACA,0.972063585641475
ACC,0.748795531611847
ACG,1.0413344107704
ACT,0.783195071326172
GTA,1.10182046122811
GTC,0.764580862824243
GTG,1.03555776758813
GTT,0.763479065981245
TGG,0.7137053867863
TAC,1.01867975995469
TAT,1.0610032591343
AGC,1.12715633867295
AGT,1.15240494522426
