Codon,Alpha
GCA,0.0987785508932008
GCC,0.104989720892631
GCG,0.0675929219983622
GCT,0.119577583657846
TGC,0.105569690780876
TGT,0.152056437029447
GAC,0.0805403253795947
GAT,0.0813245500342057
GAA,0.0557458313329942
GAG,0.0567866704593349
TTC,0.120341874235295
TTT,0.00802584516442799
GGA,0.0545689671565559
GGC,0.0616529131087818
GGG,0.0498884932661722
GGT,0.0605401996757423
CAC,0.241454898808552
CAT,0.24903853252941
ATA,0.119757512553902
ATC,0.117861172920132
ATT,0.0975532673329976
AAA,0.0539759710578862
AAG,0.0591349713652029
CTA,0.135499335441609
CTC,0.123566061726073
CTG,0.0784007817461094
CTT,0.128775655997909
TTA,0.156228059861035
TTG,0.0983024308181458
ATG,0.0995282882445071
AAC,0.0802652358183741
AAT,0.100217636941597
CCA,0.069005580118513
CCC,0.12056808087551
CCG,0.0463494567710096
CCT,0.118224116401873
CAA,0.17044501929348
CAG,0.0892858909220576
AGA,0.055974126717122
AGG,0.0532716733157907
CGA,0.0689328663578572
CGC,0.0805143525106863
CGG,0.0334202946375981
CGT,0.110302084387547
TCA,0.134858133463512
TCC,0.135121313399129
TCG,0.0799617347135227
TCT,0.142445161142878
ACA,0.110656015297823
ACC,0.116637157432295
ACG,0.0844074747127017
ACT,0.11341346097748
GTA,0.109342864879804
GTC,0.0951842727460844
GTG,0.097185485688432
GTT,0.0904177905224585
TGG,0.0511326945815698
TAC,0.0734712266661743
TAT,0.0873708326685183
AGC,0.0945032221291477
AGT,0.10848476502928
