Codon,Alpha
GCA,0.999664708554568
GCC,0.925442548658864
GCG,0.903710780566104
GCT,0.878664715769078
TGC,0.925029439402296
TGT,0.965432799695827
GAC,0.932839597618923
GAT,0.811752146409337
GAA,0.893079915284431
GAG,1.06569820951033
TTC,0.814777304622747
TTT,0.895732179089958
GGA,0.832723500115504
GGC,0.760902682078399
GGG,1.01773208925467
GGT,0.624221150306345
CAC,0.799154354540931
CAT,0.879266241774165
ATA,0.997642276725329
ATC,0.882560529147007
ATT,0.784137204034388
AAA,0.797075822401234
AAG,0.828924038527675
CTA,0.935282792766228
CTC,1.02907459085813
CTG,0.935348791904125
CTT,0.897811002116413
TTA,0.863940131849017
TTG,0.84022575108125
ATG,0.864716669897785
AAC,0.821375621210654
AAT,0.944851724365707
CCA,0.799690997235945
CCC,0.944636558608505
CCG,0.92125468797334
CCT,0.824878780700283
CAA,0.720031489351535
CAG,0.935009422647918
AGA,0.723427468378226
AGG,1.00419448301142
CGA,0.779067687010632
CGC,0.758681664541301
CGG,0.756992984252103
CGT,0.817047645411325
TCA,0.850347555892191
TCC,0.797101707087704
TCG,0.826931645123527
TCT,0.715884848887604
ACA,0.96170264607201
ACC,0.80267382408533
ACG,1.08194081697412
ACT,0.773501676567963
GTA,1.08810319687167
GTC,0.778224973460124
GTG,1.06061122755948
GTT,0.779614832946683
TGG,0.717271516447006
TAC,1.0470635881594
TAT,1.07166824305381
AGC,1.12290653434753
AGT,1.14108454909614
