Codon,LambdaPrime
GCA,0.0615594027509295
GCC,0.0713590003224798
GCG,0.044636330770704
GCT,0.0744615338193871
TGC,0.0666907419757036
TGT,0.0968974814775786
GAC,0.0533892754687042
GAT,0.0516685138520901
GAA,0.0375084401977497
GAG,0.0378453532183294
TTC,0.076968144711735
TTT,0.0844537671696517
GGA,0.0362421960855189
GGC,0.040026496509603
GGG,0.0335877709283555
GGT,0.037632171019184
CAC,0.157694055034769
CAT,0.165663924955071
ATA,0.0748087981711518
ATC,0.0757843343884605
ATT,0.0616878700103501
AAA,0.0338555368792581
AAG,0.0379009910509316
CTA,0.0857390305211723
CTC,0.0809059818901701
CTG,0.0506903272955781
CTT,0.080264838883518
TTA,0.0993008500750474
TTG,0.0631365237409618
ATG,0.0594060289458203
AAC,0.0503518315298284
AAT,0.0675462521381532
CCA,0.0460811175688172
CCC,0.0796876241105377
CCG,0.0317794884265015
CCT,0.0743072995904457
CAA,0.104754565013245
CAG,0.0561879159832328
AGA,0.0351385525696927
AGG,0.0350510779962187
CGA,0.0422981801194636
CGC,0.0498263529398688
CGG,0.022112716621796
CGT,0.0741000120282783
TCA,0.0851857621587523
TCC,0.0882801886861909
TCG,0.0513705024891039
TCT,0.0888003246126826
ACA,0.0701362962123237
ACC,0.0807334067318166
ACG,0.0563208698227746
ACT,0.0718517313207092
GTA,0.0689374286718057
GTC,0.0623272476370499
GTG,0.0643110820137023
GTT,0.0592984165790805
TGG,0.0329914744017386
TAC,0.0484005868208191
TAT,0.0565630037964991
AGC,0.0599519431315181
AGT,0.0693059586537426
