Amino_Acid,Codon,Value,Std_Deviation
A,GCA,0.72830185165812,0.0549726088436007
A,GCC,0.291631774330645,0.0318350366886861
A,GCG,1.27975819782997,0.0776802728591739
C,TGC,0.796609016610359,0.0783113449943456
D,GAC,0.257103958386596,0.0358352746682709
E,GAA,-0.791479641528805,0.0496414619605273
F,TTC,-0.106153458684856,0.0352777709069531
G,GGA,0.792277025374029,0.0627438528337483
G,GGC,0.977489255303772,0.0589051587165825
G,GGG,1.38051473225685,0.0883310343864909
H,CAC,0.0877660139473975,0.0551815598206259
I,ATA,0.366361720939084,0.0644750030897227
I,ATC,0.0772738006994931,0.0326738770233147
K,AAA,-0.0356144584443438,0.0292808054311943
L,CTA,0.3839796287902,0.0453643643447743
L,CTC,1.17287894252199,0.0715156402876559
L,CTG,1.45747818074898,0.0761361087586487
L,CTT,0.577081471775427,0.0563925370451978
L,TTA,0.0878101846922768,0.0599818282398021
N,AAC,0.1603786166899,0.0440579067858925
P,CCA,0.0197491171139328,0.0306009979434938
P,CCC,1.02206656664912,0.0705678630078285
P,CCG,1.37507690388911,0.0863200577147767
Q,CAA,-0.931565320044532,0.0631201213628835
R,AGA,-0.216047735785577,0.0475166216237517
R,AGG,0.702950084424747,0.06653868860824
R,CGA,0.765411092396697,0.118681969243477
R,CGC,0.812788191016601,0.0766798175080809
R,CGG,1.78175574729942,0.127905015926068
S,TCA,0.390387831893339,0.0481689609008368
S,TCC,0.261016961205479,0.0320137899825934
S,TCG,1.18374103631895,0.0723718750358793
T,ACA,0.710871101154234,0.0545061121056438
T,ACC,0.28779551074955,0.0329907826573463
T,ACG,1.32582552234499,0.0820057954415986
V,GTA,0.334892897927371,0.0587631782972441
V,GTC,0.0720326351515248,0.0288441055826414
V,GTG,0.859539342500717,0.0565174950005928
Y,TAC,0.0306560950527543,0.0465077536135998
Z,AGC,0.635150995351407,0.0586282440261242
