ORF,True_Phi,Simulated_Phi
TEST001,0.4834983,1.4839493
TEST002,0.5388484,0.2222321
TEST003,0.4328382,2.3838239
