ORF,True_Phi,Simulated_Phi
TEST001,0.4834983,NAN
TEST002,0.5388484,0
TEST003,-1.323,2.3838239
