Codon,Alpha
GCA,0.0946946118057777
GCC,0.101665898689419
GCG,0.066618735582419
GCT,0.105613910188441
TGC,0.100405599674868
TGT,0.141153865285209
GAC,0.0825528066626356
GAT,0.0773046504886721
GAA,0.0548074915135136
GAG,0.0549345943454569
TTC,0.115064558996187
TTT,0.00753289742303053
GGA,0.053174548862559
GGC,0.0591763277225659
GGG,0.0493527617105242
GGT,0.0585260780025307
CAC,0.22824393965698
CAT,0.248123966771552
ATA,0.108390217842216
ATC,0.112214379064636
ATT,0.0935959246360924
AAA,0.0510758208506097
AAG,0.0587438083206337
CTA,0.134905394831028
CTC,0.124291491007842
CTG,0.076241869555623
CTT,0.124693230406372
TTA,0.148910412784568
TTG,0.0960296526887875
ATG,0.0932515460615374
AAC,0.076809844792131
AAT,0.0958510696024368
CCA,0.0673499510455569
CCC,0.124787363263695
CCG,0.0446119225966036
CCT,0.116690018791279
CAA,0.161307715562454
CAG,0.0827332925189786
AGA,0.0546760995071052
AGG,0.0512258708349355
CGA,0.0710711371048698
CGC,0.0715877980540697
CGG,0.0323043749532983
CGT,0.106163361261043
TCA,0.123361908853537
TCC,0.134026233208204
TCG,0.0775807539412817
TCT,0.137588633439874
ACA,0.108743417757778
ACC,0.118410749809406
ACG,0.0825552861911838
ACT,0.108415791285925
GTA,0.102860806140008
GTC,0.0974610470692712
GTG,0.0910914594328172
GTT,0.0890448715786132
TGG,0.0481864075654614
TAC,0.0707015297691327
TAT,0.0868222746677883
AGC,0.0913440147271104
AGT,0.103312964756201
