Codon,Alpha
GCA,1.00573029514626
GCC,0.894367988421012
GCG,0.893654353869521
GCT,0.85947345567999
TGC,0.894999884579467
TGT,0.956139389858475
GAC,0.920463880249762
GAT,0.803768680515899
GAA,0.865137172166467
GAG,1.03275264133275
TTC,0.845989812033003
TTT,0.883906570458706
GGA,0.799679635540325
GGC,0.741429286980754
GGG,1.00085058447776
GGT,0.644290382318102
CAC,0.794520990774895
CAT,0.858957481908256
ATA,0.998498869821446
ATC,0.885101745021725
ATT,0.773684394295771
AAA,0.766358251786807
AAG,0.818058279275004
CTA,0.951828824277307
CTC,1.04926233989491
CTG,0.93213019528316
CTT,0.950540702463373
TTA,0.864008676324775
TTG,0.870254675731102
ATG,0.921378988612219
AAC,0.839101586287747
AAT,0.905614060197855
CCA,0.756636455031543
CCC,0.95055783384705
CCG,0.870039076683796
CCT,0.86909835345598
CAA,0.731583194381203
CAG,0.934818498344904
AGA,0.740459873725364
AGG,1.00088735291457
CGA,0.823243942995885
CGC,0.7608117240409
CGG,0.766752050894078
CGT,0.784668892529229
TCA,0.859850190200402
TCC,0.777745846395811
TCG,0.801165306754018
TCT,0.717116561784639
ACA,0.952264175382658
ACC,0.799226550338866
ACG,1.02980647785003
ACT,0.789057675444293
GTA,1.08148890761492
GTC,0.80773471103091
GTG,1.06732803346829
GTT,0.789626572442486
TGG,0.717141328734025
TAC,1.01958681754427
TAT,1.08633043992328
AGC,1.09900422477829
AGT,1.1198352503648
