Codon,Alpha
GCA,0.0892706392660921
GCC,0.102551397117304
GCG,0.0651451797316104
GCT,0.100510454249732
TGC,0.093588993780288
TGT,0.138132770385312
GAC,0.0775295580114438
GAT,0.0746939304912975
GAA,0.0526961918275584
GAG,0.0530205034618443
TTC,0.118230689540529
TTT,0.115407123981692
GGA,0.0526073499117248
GGC,0.0580005758949408
GGG,0.047396098695344
GGT,0.0565609071509297
CAC,0.231057885697556
CAT,0.240252163870555
ATA,0.107930584259941
ATC,0.103451968624306
ATT,0.0865748893236152
AAA,0.0474574966889467
AAG,0.0556986359960525
CTA,0.130248847166705
CTC,0.114244906353407
CTG,0.0775680302226774
CTT,0.122290079946406
TTA,0.148622547872883
TTG,0.0941771077241788
ATG,0.0885734060301916
AAC,0.0742652093639835
AAT,0.0914269672846108
CCA,0.0639502364540287
CCC,0.109763377594566
CCG,0.0440527866275882
CCT,0.112233434615405
CAA,0.152677714413081
CAG,0.083805545003162
AGA,0.0507566808256166
AGG,0.051372054424923
CGA,0.0652269911709118
CGC,0.0707691577831495
CGG,0.0338818859010792
CGT,0.102690879919089
TCA,0.122982927911056
TCC,0.12738820134463
TCG,0.0724784631811958
TCT,0.132526527843714
ACA,0.104694276079206
ACC,0.111530801043328
ACG,0.0794761620196039
ACT,0.107576044223981
GTA,0.0975567729799727
GTC,0.0899780194863374
GTG,0.0953544754414911
GTT,0.0861029451979918
TGG,0.0484636003773959
TAC,0.0643747321241912
TAT,0.083267468026683
AGC,0.0874110370098576
AGT,0.101569563580268
