Codon,Alpha
GCA,0.0986161125544009
GCC,0.108209256804268
GCG,0.0719687888951157
GCT,0.111269620145054
TGC,0.107183929010414
TGT,0.149517033946854
GAC,0.0838713703909269
GAT,0.082569128140509
GAA,0.0582406760294976
GAG,0.0576939992562386
TTC,0.125320392887051
TTT,0.00817334997515563
GGA,0.0558096107154824
GGC,0.0626740991961484
GGG,0.0511346455955217
GGT,0.0615119605170385
CAC,0.239435588080442
CAT,0.260903615448784
ATA,0.111548086181858
ATC,0.119691696702265
ATT,0.0979267944047252
AAA,0.0528225738416841
AAG,0.0610411210404104
CTA,0.138865989519575
CTC,0.130968665821866
CTG,0.0803935945297324
CTT,0.136161197676882
TTA,0.157684291853739
TTG,0.102857785497402
ATG,0.096591098789387
AAC,0.0821877446464521
AAT,0.100456480636036
CCA,0.0710366173360729
CCC,0.127543045561822
CCG,0.047213239678199
CCT,0.125996566545085
CAA,0.174193467638138
CAG,0.0871431794931004
AGA,0.0580874316460384
AGG,0.0531851500409049
CGA,0.0739685007710501
CGC,0.0763297833384431
CGG,0.0339284220246551
CGT,0.115097068006036
TCA,0.132022325798978
TCC,0.14218815010939
TCG,0.0821296316673173
TCT,0.143684731633343
ACA,0.114432342681615
ACC,0.125167930851867
ACG,0.0872128278421306
ACT,0.118225297847299
GTA,0.109728095237011
GTC,0.103813069044409
GTG,0.0976736542592023
GTT,0.0949999568098222
TGG,0.0515772936032269
TAC,0.0730305985355807
TAT,0.0908908737887118
AGC,0.0976534568073188
AGT,0.108984139065466
