Codon,Alpha
GCA,0.096314434092708
GCC,0.107491571221239
GCG,0.064528623221874
GCT,0.110951612061216
TGC,0.102020896893766
TGT,0.148041990009584
GAC,0.0803705108729209
GAT,0.0821735071373926
GAA,0.0565025546242085
GAG,0.0574185428486589
TTC,0.12206273728223
TTT,0.0081011551928278
GGA,0.0552545642091824
GGC,0.0619164717623731
GGG,0.0509654056217419
GGT,0.0610942320185393
CAC,0.24330054968762
CAT,0.24167159040098
ATA,0.118210283539916
ATC,0.119703339690889
ATT,0.0981645025324279
AAA,0.0524582039649046
AAG,0.057990920695254
CTA,0.137654879714076
CTC,0.127411201036987
CTG,0.0788089675371022
CTT,0.128646816951578
TTA,0.153257261944672
TTG,0.0999729785911974
ATG,0.097254402136259
AAC,0.079412829607095
AAT,0.0999416200170121
CCA,0.0713073250276567
CCC,0.120891644878213
CCG,0.0464045277208912
CCT,0.119787155882351
CAA,0.172757834099701
CAG,0.0901356835863498
AGA,0.0584898483862723
AGG,0.0546435997524631
CGA,0.0726599845759992
CGC,0.0796300559466592
CGG,0.0344326181448727
CGT,0.111824002815527
TCA,0.135821373826018
TCC,0.130086537348402
TCG,0.0800635923738871
TCT,0.138305691985851
ACA,0.11466289681319
ACC,0.124465584517884
ACG,0.0862654350193823
ACT,0.114982163586374
GTA,0.108154660124565
GTC,0.0997148852276438
GTG,0.098460230920489
GTT,0.0956895266929554
TGG,0.0507673400213863
TAC,0.074496073263718
TAT,0.0907912824198193
AGC,0.0888618539860171
AGT,0.103138467950211
