Codon,Alpha
GCA,0.63281771654803
GCC,0.551647441704637
GCG,0.452567540009838
GCT,0.489257592034028
TGC,0.45723863928676
TGT,0.375590927669502
GAC,0.650044420304205
GAT,0.384656810583722
GAA,0.597716943955927
GAG,0.563388706285519
TTC,0.775306900579254
TTT,0.576816847878341
GGA,0.457951197029046
GGC,0.453153738911486
GGG,0.307167341076525
GGT,0.414031370992773
CAC,0.654726735891512
CAT,0.505006822375639
ATA,0.534512317595799
ATC,0.793296569460561
ATT,0.463536858229357
AAA,0.583240841609311
AAG,0.496142874000123
CTA,0.56627033614467
CTC,0.42975118345262
CTG,0.54048084044381
CTT,0.556716638114642
TTA,0.684413665549114
TTG,0.509907709844485
ATG,0.473326759529767
AAC,0.681813354293138
AAT,0.560393759055464
CCA,0.614400517658359
CCC,0.553456577240877
CCG,0.534912231601225
CCT,0.553437326687635
CAA,0.611613797263345
CAG,0.620188538491223
AGA,0.55454123634334
AGG,0.57400806363564
CGA,0.348062998993661
CGC,0.655239719125812
CGG,1.31204144514862
CGT,0.475871929174245
TCA,0.607765636290899
TCC,0.644064180637642
TCG,0.422986113614917
TCT,0.489249013878618
ACA,0.729730724165792
ACC,0.779180727368254
ACG,0.51099686377133
ACT,0.58233484062095
GTA,0.42986761097339
GTC,0.501592653733119
GTG,0.414458295891131
GTT,0.576376425461255
TGG,0.701882734255635
TAC,0.786437323164986
TAT,0.515010598760511
AGC,0.61432330000047
AGT,0.569427273374396
