Codon,Alpha
GCA,0.0598006460349148
GCC,0.0652734406203987
GCG,0.0428776642811643
GCT,0.0687513865327957
TGC,0.0630448576930999
TGT,0.10056363874966
GAC,0.0497758918874501
GAT,0.0505511648601755
GAA,0.0353029724956849
GAG,0.036337816645556
TTC,0.0757053821934992
TTT,0.0801166259214793
GGA,0.0340574827083148
GGC,0.0386471004205033
GGG,0.0301077393217678
GGT,0.039608570241575
CAC,0.155024889137399
CAT,0.151968079395014
ATA,0.0731905408328772
ATC,0.0684310775436727
ATT,0.0580681005553592
AAA,0.0329797598711365
AAG,0.0371510521766928
CTA,0.0865230719699273
CTC,0.0840239386296585
CTG,0.0479808967510749
CTT,0.0820568168261956
TTA,0.0927004011431437
TTG,0.0646303069122088
ATG,0.0606187264343305
AAC,0.0519722571608982
AAT,0.0615609007980209
CCA,0.0440878281417828
CCC,0.072497609107776
CCG,0.0288386394627516
CCT,0.0763320029164004
CAA,0.102851360195808
CAG,0.0543525910828449
AGA,0.034390781512532
AGG,0.0337114733964088
CGA,0.0429595155258466
CGC,0.0485892492782439
CGG,0.0211701657866172
CGT,0.0713631559156567
TCA,0.0850764679120254
TCC,0.0863925481812853
TCG,0.0511778798566457
TCT,0.0861332654262104
ACA,0.0673729147494594
ACC,0.0791795425562475
ACG,0.0520853581202727
ACT,0.0708545659470265
GTA,0.0686170859015824
GTC,0.0612317172915566
GTG,0.0643635704708029
GTT,0.0543499606860321
TGG,0.0318876111465706
TAC,0.0465128581271167
TAT,0.0559983235306018
AGC,0.0552096666048949
AGT,0.0672612771121258
