Codon,Alpha
GCA,1.0525516481151
GCC,0.914134098704699
GCG,0.882629027646233
GCT,0.873199582422297
TGC,0.889790154038229
TGT,0.952035247411078
GAC,0.915480481724888
GAT,0.807517459898039
GAA,0.870639112580958
GAG,1.04832343404697
TTC,0.854598344634738
TTT,0.865556734205732
GGA,0.804840220791694
GGC,0.742723518147282
GGG,1.0111639950382
GGT,0.634932511862878
CAC,0.772524358159341
CAT,0.84633801473247
ATA,0.987482860727661
ATC,0.87292924623303
ATT,0.782451624311896
AAA,0.77717564840673
AAG,0.826322912816277
CTA,0.93827823835541
CTC,1.02332363296263
CTG,0.934767143832601
CTT,0.962083970191052
TTA,0.883068089352139
TTG,0.861777982527462
ATG,0.913091927503711
AAC,0.831003657484544
AAT,0.902700105070437
CCA,0.769440140136218
CCC,0.940792759139341
CCG,0.876068867024596
CCT,0.845178601073275
CAA,0.729623136764372
CAG,0.934998013650524
AGA,0.731923235282111
AGG,0.983944824501816
CGA,0.833621256263657
CGC,0.754151860040621
CGG,0.751055693846185
CGT,0.800800900987449
TCA,0.854837694775712
TCC,0.79410209737369
TCG,0.821684671621077
TCT,0.703592791218496
ACA,0.962009852944705
ACC,0.795081179755635
ACG,1.04920411557189
ACT,0.808520192837356
GTA,1.07954794709674
GTC,0.811054950460518
GTG,1.05265514531349
GTT,0.775760401007957
TGG,0.708371830811214
TAC,1.00531440607548
TAT,1.09179730837526
AGC,1.10137393884315
AGT,1.13887835338327
