Codon,Alpha
GCA,1.03801118697969
GCC,0.87783853457834
GCG,0.876695417689525
GCT,0.849891423106409
TGC,0.899283244995871
TGT,0.957140258497024
GAC,0.909833223566952
GAT,0.814830305792617
GAA,0.858684496131498
GAG,1.05584797105711
TTC,0.804291476764974
TTT,0.491446427217286
GGA,0.817936690149682
GGC,0.753015937089504
GGG,1.01497897888162
GGT,0.636827907035072
CAC,0.797567514508849
CAT,0.833464684063307
ATA,0.993383463676944
ATC,0.836597207981943
ATT,0.777997384985375
AAA,0.799400190600229
AAG,0.826449623193541
CTA,0.947031988068397
CTC,1.0244604986975
CTG,0.9199692145516
CTT,0.941404948771713
TTA,0.848615028684257
TTG,0.850993533318879
ATG,0.893037641889323
AAC,0.837391331728767
AAT,0.878660814627591
CCA,0.780852578402085
CCC,0.923767101361863
CCG,0.862182178701121
CCT,0.8567980562665
CAA,0.735388128390313
CAG,0.925798310901157
AGA,0.74807574671947
AGG,0.977101104374506
CGA,0.820343177683161
CGC,0.756195305304149
CGG,0.769760003152642
CGT,0.78946979520464
TCA,0.8840495357691
TCC,0.78421485988231
TCG,0.824398059754824
TCT,0.731919704701672
ACA,0.991368014983947
ACC,0.792536529395389
ACG,1.0577512699776
ACT,0.772992054664512
GTA,1.05362614222158
GTC,0.788883980512638
GTG,1.06111065291681
GTT,0.786306823231463
TGG,0.711266017141867
TAC,1.03417753391054
TAT,1.08313260877414
AGC,1.11727637503388
AGT,1.13910191179533
