Codon,LambdaPrime
GCA,1.00591843018138
GCC,0.876202996453972
GCG,0.893198189036744
GCT,0.830595218832514
TGC,0.899548542387058
TGT,1.0301952212461
GAC,0.89045471638189
GAT,0.815645774248786
GAA,0.864122112087957
GAG,1.05179087772691
TTC,0.829993578807355
TTT,0.878495724729637
GGA,0.805853204665973
GGC,0.750509878698234
GGG,0.950132317741815
GGT,0.669831832592962
CAC,0.820790722850076
CAT,0.829734541304697
ATA,1.00486315716511
ATC,0.82606922466747
ATT,0.76242122710905
AAA,0.799618184813424
AAG,0.83883421327828
CTA,0.970503014030224
CTC,1.0931171357193
CTG,0.905947261766927
CTT,0.944005803833068
TTA,0.824959057689427
TTG,0.88075271522206
ATG,0.912898510316171
AAC,0.869439533093014
AAT,0.887445962282465
CCA,0.788937790918665
CCC,0.891680846016836
CCG,0.861459518461995
CCT,0.872804298785458
CAA,0.727404520045096
CAG,0.931894600085296
AGA,0.724965247548261
AGG,0.990324596366528
CGA,0.801410051937567
CGC,0.744712914523188
CGG,0.756396992351045
CGT,0.805283147644217
TCA,0.873053276645833
TCC,0.80485294188108
TCG,0.846646896742642
TCT,0.714947825297119
ACA,0.952862396141141
ACC,0.810564204984446
ACG,1.03004767255768
ACT,0.783768822391451
GTA,1.11647607867516
GTC,0.788721904978013
GTG,1.09683017020342
GTT,0.736719819391871
TGG,0.712973806008308
TAC,1.03930445732771
TAT,1.09229673252948
AGC,1.07141061490243
AGT,1.1532869916135
