Codon,LambdaPrime
GCA,1.00249319711534
GCC,0.924594036607944
GCG,0.900661050767413
GCT,0.81300452950678
TGC,0.888551673089733
TGT,0.94798267311809
GAC,0.931671383363273
GAT,0.805225102654748
GAA,0.86242956376502
GAG,1.02070948476061
TTC,0.868065687813648
TTT,0.848739773694514
GGA,0.831327998506272
GGC,0.755671753896428
GGG,0.994345773505557
GGT,0.642576450898476
CAC,0.804006981587569
CAT,0.881597001525299
ATA,0.983748714775516
ATC,0.832911827991122
ATT,0.759517546246111
AAA,0.76872037144724
AAG,0.836085954624829
CTA,0.977177846352234
CTC,0.998563683306794
CTG,0.986780200050889
CTT,0.949175575923807
TTA,0.890898040109722
TTG,0.855447543345461
ATG,0.891030100355361
AAC,0.831537578813675
AAT,0.880010604759999
CCA,0.766304980053212
CCC,0.901408004234835
CCG,0.875590086404028
CCT,0.860668796513156
CAA,0.723813503417857
CAG,0.952084435885245
AGA,0.718305165027674
AGG,1.00839414925162
CGA,0.80831583539232
CGC,0.743385883451172
CGG,0.781913033230399
CGT,0.781658515033079
TCA,0.844948541561376
TCC,0.787335435512015
TCG,0.801978452683052
TCT,0.730098165936791
ACA,0.983425083600227
ACC,0.768565901295878
ACG,1.04935277323536
ACT,0.796214604862745
GTA,1.062939237307
GTC,0.779216365077725
GTG,1.07304720220619
GTT,0.776623083382321
TGG,0.727477535390542
TAC,0.961822511097417
TAT,1.08318900905508
AGC,1.11722154443535
AGT,1.15756299818318
