Codon,LambdaPrime
GCA,1.00895362897287
GCC,0.894689027951489
GCG,0.919053715523807
GCT,0.831922333058021
TGC,0.934063657079809
TGT,0.936365293692883
GAC,0.921904633402529
GAT,0.818831936419536
GAA,0.872220961765857
GAG,1.02448364145855
TTC,0.841204746285836
TTT,0.0515891559320328
GGA,0.8073773868806
GGC,0.747491276738232
GGG,0.987155914869973
GGT,0.641625202403657
CAC,0.776074269655129
CAT,0.869137647803789
ATA,0.933694640908271
ATC,0.876378374765931
ATT,0.786838728692591
AAA,0.78521281370223
AAG,0.842519862436853
CTA,0.956547207099801
CTC,1.03858591642459
CTG,0.933818921723569
CTT,0.958263317070792
TTA,0.86612369349213
TTG,0.86024165986834
ATG,0.892858994363617
AAC,0.844288282408089
AAT,0.88663365944101
CCA,0.780317161321895
CCC,0.950917584579207
CCG,0.863708468744628
CCT,0.881891847169257
CAA,0.758665251345871
CAG,0.914125777376968
AGA,0.751081469848159
AGG,0.959508382278311
CGA,0.830026376563809
CGC,0.739361118827373
CGG,0.750215394966626
CGT,0.8012326057932
TCA,0.834101090549442
TCC,0.811520450090661
TCG,0.82890486126032
TCT,0.724847124299443
ACA,0.983970084788107
ACC,0.789926669202806
ACG,1.0509691921949
ACT,0.796901405281885
GTA,1.09384250130612
GTC,0.821726335703487
GTG,1.02477050586855
GTT,0.786426900807361
TGG,0.708538347969557
TAC,1.00011789142559
TAT,1.08466116642868
AGC,1.14251654077861
AGT,1.14448443995368
