Codon,LambdaPrime
GCA,0.0979653032351404
GCC,0.103380871405199
GCG,0.0662725202573464
GCT,0.11060222498951
TGC,0.0989369536248629
TGT,0.147753126674878
GAC,0.0801700457673932
GAT,0.0796719628063317
GAA,0.0553926206905888
GAG,0.0577116370205716
TTC,0.115262358285512
TTT,0.0698620154167409
GGA,0.0545239793001262
GGC,0.0613679855790838
GGG,0.0509821058877604
GGT,0.0590434274612326
CAC,0.241140912674529
CAT,0.241451972508465
ATA,0.114494950463853
ATC,0.110107998756157
ATT,0.0939081226832421
AAA,0.0521254438777797
AAG,0.0581690699976681
CTA,0.1329883422785
CTC,0.124267756920976
CTG,0.0765235207195111
CTT,0.129007930876524
TTA,0.149673065258418
TTG,0.0983288172792421
ATG,0.0936829829834775
AAC,0.0787162003110904
AAT,0.0964829740491922
CCA,0.0689003747645867
CCC,0.11924826903627
CCG,0.0454652042860826
CCT,0.118481582093023
CAA,0.164253563710971
CAG,0.0854558286191755
AGA,0.0560718317862786
AGG,0.052414160272238
CGA,0.0693782011699808
CGC,0.0770178524848776
CGG,0.0341640145960613
CGT,0.109406382700789
TCA,0.135519579410624
TCC,0.132906553303047
TCG,0.0788338171715154
TCT,0.139374641282192
ACA,0.111379560599375
ACC,0.121369623505842
ACG,0.0843118628572202
ACT,0.110505138563976
GTA,0.102143895729821
GTC,0.096340677717461
GTG,0.0982319242672402
GTT,0.0917471043883578
TGG,0.0501213612906352
TAC,0.0733664794255156
TAT,0.0877730937570063
AGC,0.0921512537058828
AGT,0.10530095005893
