Codon,LambdaPrime
GCA,1.00741504608681
GCC,0.901064607571706
GCG,0.844699587905082
GCT,0.839631017642217
TGC,0.916556430223907
TGT,0.946877716113821
GAC,0.899275733324605
GAT,0.822732560596892
GAA,0.862213446749267
GAG,1.03350780872377
TTC,0.832614021930443
TTT,0.0522266382423229
GGA,0.81150555380285
GGC,0.747942975486016
GGG,0.99987502389157
GGT,0.646220120228732
CAC,0.78926282424405
CAT,0.816881174412643
ATA,1.00889942784113
ATC,0.888599488460216
ATT,0.797654555161107
AAA,0.7907243438349
AAG,0.809014109140233
CTA,0.963849094863559
CTC,1.02634239149022
CTG,0.92775705203523
CTT,0.922963953210894
TTA,0.850071517376009
TTG,0.850163348520531
ATG,0.910512018527621
AAC,0.829507707751754
AAT,0.892196808304503
CCA,0.792105115593072
CCC,0.921470245825083
CCG,0.871076377731246
CCT,0.857613150019455
CAA,0.758753728534876
CAG,0.958757658967008
AGA,0.769599812730754
AGG,1.00231455697045
CGA,0.849342071720249
CGC,0.779533817386609
CGG,0.764250269802651
CGT,0.796396212211103
TCA,0.866776422880331
TCC,0.752687056434685
TCG,0.822342786158493
TCT,0.710942606047342
ACA,1.00462232330627
ACC,0.791934639789164
ACG,1.06128513721287
ACT,0.78883950646942
GTA,1.09561491073477
GTC,0.795024140658549
GTG,1.04270466539857
GTT,0.803086647524204
TGG,0.705801518289696
TAC,1.0279171283863
TAT,1.0924799787395
AGC,1.05886161579237
AGT,1.0980039236289
