Codon,LambdaPrime
GCA,0.0630393394380368
GCC,0.0700072057159891
GCG,0.0449381229749859
GCT,0.0745595520649865
TGC,0.0653716740314993
TGT,0.0982936003754823
GAC,0.0540663681778776
GAT,0.0524951235607257
GAA,0.0371441029241231
GAG,0.0375915244350947
TTC,0.0811475065657793
TTT,0.0850721047506856
GGA,0.0355005263772741
GGC,0.0399860929938103
GGG,0.0335310413380656
GGT,0.0399377706227685
CAC,0.160305076326092
CAT,0.165998290680594
ATA,0.0767246694455271
ATC,0.0777754099614747
ATT,0.0622355063728378
AAA,0.0332867189690246
AAG,0.0382854193083758
CTA,0.0889042720726755
CTC,0.085298881536293
CTG,0.0515636069750153
CTT,0.0869218733352089
TTA,0.10167501969305
TTG,0.067034564698163
ATG,0.0645452357844011
AAC,0.0525190312859538
AAT,0.0663620065933328
CCA,0.0445055801013169
CCC,0.0819266251695025
CCG,0.0305105170359291
CCT,0.0799435850945802
CAA,0.108833739759916
CAG,0.0576992756077438
AGA,0.036921908512418
AGG,0.0357137013377522
CGA,0.0464390498195898
CGC,0.0511369629652436
CGG,0.0227327433361703
CGT,0.0723761941298917
TCA,0.0881761269654976
TCC,0.087802462685867
TCG,0.0508323694076393
TCT,0.0908799673891306
ACA,0.0710288245041298
ACC,0.081686685634996
ACG,0.0549223935909209
ACT,0.0750026404759896
GTA,0.0698791144751731
GTC,0.0662839683679765
GTG,0.0661063792203133
GTT,0.0616582682611002
TGG,0.0336715080826508
TAC,0.048208877678512
TAT,0.0588075315705705
AGC,0.0604393268290027
AGT,0.0688024643714694
