Codon,LambdaPrime
GCA,1.27893157662602
GCC,1.35744571508439
GCG,0.593391033855695
GCT,1.41441654459966
TGC,0.63326554163918
TGT,0.734448981135298
GAC,1.34760408969224
GAT,1.31171102069137
GAA,1.53593465824159
GAG,1.60790807832376
TTC,1.6973021439426
TTT,1.01931981423169
GGA,1.14726177817586
GGC,1.02206607007338
GGG,0.740786364661259
GGT,1.84627398258113
CAC,1.18072935078032
CAT,1.20027782357834
ATA,1.17635735976104
ATC,2.29820667091844
ATT,1.49761672771219
AAA,1.18474661835664
AAG,1.16897951749502
CTA,1.52752673847506
CTC,1.17821129945506
CTG,0.487291791405333
CTT,1.19398464507428
TTA,1.44676334331791
TTG,1.1904278297195
ATG,1.23949556438628
AAC,1.18282597284778
AAT,1.28646173597539
CCA,0.962449690471455
CCC,0.939759693886441
CCG,0.264576930425995
CCT,0.88733065243544
CAA,1.9730271633784
CAG,2.06721651583693
AGA,1.31031745437836
AGG,1.19193138306389
CGA,0.717344425175783
CGC,1.12403324268191
CGG,5.51872793135809
CGT,1.33053719066738
TCA,1.40264546429115
TCC,1.98730956722251
TCG,1.03558272519022
TCT,1.76183560400884
ACA,2.57590705569963
ACC,2.71379860653077
ACG,2.10658094357137
ACT,2.65575697432527
GTA,1.47665524869611
GTC,1.36644915402843
GTG,2.15649331620608
GTT,1.9046424177117
TGG,1.30595601137354
TAC,1.05645934521607
TAT,0.698537652440474
AGC,1.04161651738777
AGT,1.47013688921221
