Codon,LambdaPrime
GCA,0.100272810386876
GCC,0.108597153730272
GCG,0.0672921296054465
GCT,0.114897077055021
TGC,0.0990003493641808
TGT,0.14860136216278
GAC,0.081524056639904
GAT,0.0798140015399821
GAA,0.056683174307585
GAG,0.057877128804122
TTC,0.124474546197215
TTT,0.12629207678972
GGA,0.054199287840988
GGC,0.0606899362189155
GGG,0.0513700028821855
GGT,0.0593189575526006
CAC,0.235330124394195
CAT,0.247640758601548
ATA,0.115105147411816
ATC,0.116351603358206
ATT,0.0953492749029614
AAA,0.0511477320471525
AAG,0.0587422381876719
CTA,0.132762149859015
CTC,0.126313284987336
CTG,0.0786964512829268
CTT,0.132905230888462
TTA,0.157586307433962
TTG,0.100545235855467
ATG,0.0967605797136559
AAC,0.0789067080204136
AAT,0.100047336546781
CCA,0.0684578681818756
CCC,0.122851048677758
CCG,0.0466332520581977
CCT,0.117501320962855
CAA,0.164396601418242
CAG,0.0874786829462284
AGA,0.0552623310592165
AGG,0.0532026924166422
CGA,0.0713168326610723
CGC,0.0767707390343751
CGG,0.0335996806466693
CGT,0.111920925071919
TCA,0.132761256926992
TCC,0.135929105723615
TCG,0.0792765678848165
TCT,0.135455689434228
ACA,0.108864553859249
ACC,0.122958032782651
ACG,0.0848310719854229
ACT,0.116585904362015
GTA,0.105901135985606
GTC,0.100682080552268
GTG,0.0985735504508748
GTT,0.0915589685287313
TGG,0.0503779856415455
TAC,0.0719056790739248
TAT,0.0895416962025842
AGC,0.0916160402874746
AGT,0.106335547081406
