Codon,LambdaPrime
GCA,1.02089559728902
GCC,0.887142176091792
GCG,0.904272847307701
GCT,0.835022293789987
TGC,0.935173733201337
TGT,0.939353619949089
GAC,0.958623183139342
GAT,0.808721338872379
GAA,0.869493013553653
GAG,1.0320418397746
TTC,0.817662272548045
TTT,0.0508473496471952
GGA,0.81348331388408
GGC,0.744496647641143
GGG,1.00575876133417
GGT,0.645082911620251
CAC,0.779106117621141
CAT,0.869866147863676
ATA,0.959469756613506
ATC,0.870467100515306
ATT,0.795486605597019
AAA,0.802077038908848
AAG,0.855035752935228
CTA,0.97769229869868
CTC,1.03617347990308
CTG,0.936661113394451
CTT,0.930986751421303
TTA,0.864337036235877
TTG,0.850366194280875
ATG,0.909735389773455
AAC,0.836129456218226
AAT,0.895745421223596
CCA,0.782781519615652
CCC,0.980587945948876
CCG,0.858348289314397
CCT,0.862126441065155
CAA,0.740009580924015
CAG,0.915372755107302
AGA,0.74774839883374
AGG,0.977834321942273
CGA,0.857533650704523
CGC,0.727384695590224
CGG,0.757547508677512
CGT,0.786864226601012
TCA,0.823618872927823
TCC,0.806305621194541
TCG,0.834396465569402
TCT,0.733814157371634
ACA,0.989256804800815
ACC,0.791679317794261
ACG,1.05564017097627
ACT,0.776910093749313
GTA,1.08765402038576
GTC,0.814441690711002
GTG,1.00748663142141
GTT,0.780679775970559
TGG,0.698269768871925
TAC,1.02673981088028
TAT,1.09231602187799
AGC,1.12567199831908
AGT,1.14191715143594
