Codon,alpha,lambda
GCA,0.0684149132909272,1.00652666632559
GCC,0.0752696751227888,0.889500158606481
GCG,0.0487381235484379,0.89833142182343
GCT,0.0799436347068368,0.852562681081256
TGC,0.0718263682072949,0.904952381869687
TGT,0.10625919608777,0.957866810140068
GAC,0.0588073387031931,0.927820343298549
GAT,0.0582655613922994,0.82630910461781
GAA,0.0400615144255411,0.864802939818644
GAG,0.0408053543989311,1.037918316196
TTC,0.0869501047596079,0.839300535716499
TTT,0.00557710947865657,0.0514034346330878
GGA,0.0381252970320554,0.795540290848074
GGC,0.0434862718173759,0.745945820502383
GGG,0.0365755630201905,1.01186546671215
GGT,0.0428441993618606,0.641335952932138
CAC,0.172529280357954,0.793611206663747
CAT,0.18164444520412,0.868830028205512
ATA,0.0823698504762388,0.993020917479936
ATC,0.0837938417812565,0.880524739999284
ATT,0.0672970752064226,0.776374373706833
AAA,0.0372366568102771,0.793980833740956
AAG,0.0422677252147872,0.833810492563633
CTA,0.0963686897252809,0.950849473487422
CTC,0.0906550513052069,1.03395833405057
CTG,0.0571469617360847,0.9541054349038
CTT,0.0954431672165065,0.9651002972357
TTA,0.110204825892058,0.869144165045869
TTG,0.0711893938758443,0.855885357273684
ATG,0.0695090935761637,0.918519294008616
AAC,0.0572050490575642,0.843680673152271
AAT,0.0709865266054659,0.898070134388772
CCA,0.0489775000608925,0.770635695097826
CCC,0.0879013436217474,0.943906908627566
CCG,0.032404296444676,0.852839838842166
CCT,0.0841858208642928,0.847647574653127
CAA,0.118440632923584,0.736467561272498
CAG,0.0619433397003297,0.929455374369465
AGA,0.040610582357427,0.75500061480162
AGG,0.0384561325218913,0.997994781916135
CGA,0.0491521671282175,0.812569832129335
CGC,0.0545170476171388,0.749656728191606
CGG,0.024341905562686,0.769037342940763
CGT,0.0804891141307509,0.805099176609185
TCA,0.0969887818864881,0.876751594911884
TCC,0.0971846687201871,0.795694542969159
TCG,0.0561195642328899,0.817875341492879
TCT,0.0988430674789018,0.718503384387562
ACA,0.0766448661313254,0.949475631957106
ACC,0.0850616124896027,0.773398013372143
ACG,0.0591403499977708,1.02886661060089
ACT,0.0793972001818976,0.772032117218552
GTA,0.07430077589684,1.06283492676025
GTC,0.0692451533967886,0.78388880534779
GTG,0.0718091585915192,1.07479086566209
GTT,0.0641359349760407,0.76132932802285
TGG,0.036026389722715,0.709218089647597
TAC,0.0522702904406236,1.02212489515203
TAT,0.0639559970284314,1.09235555369452
AGC,0.0672732427436062,1.13442758214371
AGT,0.0757674413002694,1.14075586613883
