Codon,Alpha,LambdaPrime,NSE
GCA,1.6896,1.006,1e-05
GCC,1.20094,1.47455,1e-05
GCG,1.50518,0.778963,1e-05
GCT,1.6896,1.006,1e-05
TGC,1.38543,1.60067,1e-05
TGT,1.6896,1.006,1e-05
GAC,1.63422,1.10835,1e-05
GAT,1.6896,1.006,1e-05
GAA,1.43286,1.50077,1e-05
GAG,1.6896,1.006,1e-05
TTC,1.57513,1.32344,1e-05
TTT,1.6896,1.006,1e-05
GGA,1.53866,1.29736,1e-05
GGC,1.62336,1.48258,1e-05
GGG,1.77638,1.14629,1e-05
GGT,1.6896,1.006,1e-05
CAC,1.44089,1.69465,1e-05
CAT,1.6896,1.006,1e-05
ATA,1.45154,1.71045,1e-05
ATC,1.61241,0.906603,1e-05
ATT,1.6896,1.006,1e-05
AAA,1.37149,0.830675,1e-05
AAG,1.6896,1.006,1e-05
CTA,1.49933,0.766338,1e-05
CTC,1.31891,1.0943,1e-05
CTG,1.39138,1.27354,1e-05
CTT,1.49924,1.26546,1e-05
TTA,1.35287,0.819388,1e-05
TTG,1.6896,1.006,1e-05
ATG,1.6896,1.006,1e-05
AAC,1.35311,1.5615,1e-05
AAT,1.6896,1.006,1e-05
CCA,1.39437,1.77742,1e-05
CCC,1.22295,1.05174,1e-05
CCG,1.20801,0.924522,1e-05
CCT,1.6896,1.006,1e-05
CAA,1.49637,1.30151,1e-05
CAG,1.6896,1.006,1e-05
AGA,1.4243,1.07592,1e-05
AGG,1.4125,0.826222,1e-05
CGA,1.46498,1.31743,1e-05
CGC,1.46833,1.55376,1e-05
CGG,1.46603,1.5224,1e-05
CGT,1.6896,1.006,1e-05
TCA,1.42665,1.42665,1e-05
TCC,1.43446,1.65108,1e-05
TCG,1.47374,1.61467,1e-05
TCT,1.6896,1.006,1e-05
ACA,1.18178,0.893809,1e-05
ACC,1.18082,0.768041,1e-05
ACG,1.16994,0.339057,1e-05
ACT,1.6896,1.006,1e-05
GTA,1.23344,0.980025,1e-05
GTC,1.37588,1.27557,1e-05
GTG,1.52926,0.78604,1e-05
GTT,1.6896,1.006,1e-05
TGG,1.6896,1.006,1e-05
TAC,1.47641,1.11801,1e-05
TAT,1.6896,1.006,1e-05
AGC,1.56652,0.713017,1e-05
AGT,1.6896,1.006,1e-05
