ORF,True_Phi,Simulated_Phi
TEST001,0.324394,4.3849298
TEST003,3.348394,1.3943493
