Codon,Alpha
GCA,0.0711083355884325
GCC,0.0783682107536628
GCG,0.0499604429887418
GCT,0.084505708837192
TGC,0.0753084861484515
TGT,0.110925118362499
GAC,0.0606937800137688
GAT,0.0600335846608323
GAA,0.0418147659696603
GAG,0.0418204956078567
TTC,0.0887409903415517
TTT,0.00580012950684047
GGA,0.0401152905548129
GGC,0.0447918708489722
GGG,0.0376499125469771
GGT,0.0443205096534135
CAC,0.175345157516968
CAT,0.183909715530531
ATA,0.0856880740108353
ATC,0.0852642658003243
ATT,0.0701492201520545
AAA,0.0384024360984094
AAG,0.0431924250934091
CTA,0.101058963369022
CTC,0.0933326601819756
CTG,0.0581610533135356
CTT,0.0966948021308873
TTA,0.114826460763499
TTG,0.0728081855083599
ATG,0.0715655679260692
AAC,0.0580441259777103
AAT,0.0736633412397399
CCA,0.0510005934292101
CCC,0.0897363592190977
CCG,0.0342778336892953
CCT,0.0884485836721048
CAA,0.123171019089883
CAG,0.0643119961240871
AGA,0.0411431086113234
AGG,0.039454637810681
CGA,0.0511739853259796
CGC,0.0568073357200211
CGG,0.0247146589378396
CGT,0.0811397884840746
TCA,0.0987860877771411
TCC,0.100127421678636
TCG,0.0586496032577379
TCT,0.101586089164364
ACA,0.0807007426001082
ACC,0.0886109360743698
ACG,0.0616272585860372
ACT,0.0844965581051298
GTA,0.0763459024370738
GTC,0.0733344793651989
GTG,0.0736556238187438
GTT,0.0682791681221547
TGG,0.0373949480416048
TAC,0.0531671266225031
TAT,0.0658946785141587
AGC,0.0683994893315201
AGT,0.077529147077449
