Codon,Alpha
GCA,0.0666570262148997
GCC,0.0718389909554336
GCG,0.04602812922862
GCT,0.0735416408716781
TGC,0.0701090063891144
TGT,0.10159546220967
GAC,0.0563713144055854
GAT,0.054687274258932
GAA,0.0380679740900082
GAG,0.0385015076395039
TTC,0.0820831608450859
TTT,0.00535456884593238
GGA,0.0364907883818544
GGC,0.0409768252946782
GGG,0.034307389312778
GGT,0.0407526828866154
CAC,0.159561890375157
CAT,0.167206901594041
ATA,0.0778043168042145
ATC,0.0794089292728321
ATT,0.0644025645075318
AAA,0.0351014243822285
AAG,0.038429689999603
CTA,0.0901486086195462
CTC,0.0851652879184122
CTG,0.054079728942318
CTT,0.0865836621847684
TTA,0.109388089956874
TTG,0.0690359179409384
ATG,0.0653591343649099
AAC,0.0527250019313356
AAT,0.064667209995942
CCA,0.0476048737996293
CCC,0.0823184752159591
CCG,0.0315613876025424
CCT,0.0805102432630256
CAA,0.114541173519221
CAG,0.0600697590241974
AGA,0.0375958584467634
AGG,0.036611052910978
CGA,0.0462460970880555
CGC,0.0530721677772757
CGG,0.0227668683684976
CGT,0.0759674824953892
TCA,0.090143143107983
TCC,0.0914081587495237
TCG,0.0535636860573078
TCT,0.0930215297320733
ACA,0.0740820458150748
ACC,0.0810301995029801
ACG,0.0569697002117916
ACT,0.0774418263805244
GTA,0.0694438439168327
GTC,0.067483579131775
GTG,0.0682455310713242
GTT,0.0631206241636227
TGG,0.0340336360584034
TAC,0.0491977147535982
TAT,0.0589625156971642
AGC,0.0615094004535712
AGT,0.070000493329121
