Codon,LambdaPrime
GCA,1.01286070766098
GCC,0.896194361202596
GCG,0.887267541292715
GCT,0.871102411509129
TGC,0.914241561651252
TGT,0.965211018185656
GAC,0.923664261474792
GAT,0.823098007180762
GAA,0.871247237356782
GAG,1.02655851482454
TTC,0.82769051342627
TTT,0.0512934959921228
GGA,0.807984926959265
GGC,0.742406065064143
GGG,1.00565978519916
GGT,0.641621656245269
CAC,0.781516588124069
CAT,0.85209637136632
ATA,0.997729435641214
ATC,0.868054808171765
ATT,0.780903182500482
AAA,0.790926748697062
AAG,0.825082652791616
CTA,0.96562859608509
CTC,1.02877828710343
CTG,0.938455671567301
CTT,0.946436220314667
TTA,0.873192311756816
TTG,0.846548764982739
ATG,0.915077362771528
AAC,0.82876790408353
AAT,0.901134006082577
CCA,0.776285405371756
CCC,0.932203642095939
CCG,0.872202166806204
CCT,0.861001009642501
CAA,0.740392429271811
CAG,0.933296148721269
AGA,0.739518859643066
AGG,0.989727857731381
CGA,0.814542572066438
CGC,0.75530253982825
CGG,0.751801920586534
CGT,0.786477112284772
TCA,0.862042264107144
TCC,0.792230989351947
TCG,0.824009246828778
TCT,0.715436113646279
ACA,0.965789757758625
ACC,0.777328983398281
ACG,1.03603327372706
ACT,0.7953502165979
GTA,1.05652164389497
GTC,0.800815551785442
GTG,1.06671578917073
GTT,0.783274383717043
TGG,0.714362380805016
TAC,1.00790362623488
TAT,1.08794357416344
AGC,1.11255562888448
AGT,1.12684401031838
